Pin Number,Pin ID,Custom Name,Function,Mode, Direction,Latch,Pull Up,Pull Down,Drive Strength
1,PA00,,Available,,,,,,NORMAL
2,PA01,,Available,,,,,,NORMAL
3,PC00,LED1,GPIO,Digital,Out,High,,,NORMAL
4,PC01,LED2,GPIO,Digital,Out,High,,,NORMAL
5,PC02,LED3,GPIO,Digital,Out,High,,,NORMAL
6,PC03,LED4,GPIO,Digital,Out,High,,,NORMAL
7,PA02,,Available,,,,,,NORMAL
8,PA03,,ADC0_AIN1/X0/Y0/VREFA,Analog,High Impedance,n/a,,,NORMAL
9,PB04,SW1,GPIO,Digital,In,n/a,No,No,NORMAL
10,PB05,SW2,GPIO,Digital,In,n/a,No,No,NORMAL
13,PB06,,Available,,,,,,NORMAL
14,PB07,,Available,,,,,,NORMAL
15,PB08,,Available,,,,,,NORMAL
16,PB09,,Available,,,,,,NORMAL
17,PA04,,Available,,,,,,NORMAL
18,PA05,,Available,,,,,,NORMAL
19,PA06,,Available,,,,,,NORMAL
20,PA07,,Available,,,,,,NORMAL
21,PC05,,Available,,,,,,NORMAL
22,PC06,,Available,,,,,,NORMAL
23,PC07,,Available,,,,,,NORMAL
26,PA08,,Available,,,,,,NORMAL
27,PA09,,Available,,,,,,NORMAL
28,PA10,,Available,,,,,,NORMAL
29,PA11,,Available,,,,,,NORMAL
32,PB10,,Available,,,,,,NORMAL
33,PB11,,Available,,,,,,NORMAL
34,PB12,,SERCOM4_PAD0,Digital,High Impedance,n/a,No,No,STRONG
35,PB13,,SERCOM4_PAD1,Digital,High Impedance,n/a,No,No,STRONG
36,PB14,SPI_CS,GPIO,Digital,Out,High,,,NORMAL
37,PB15,,SERCOM4_PAD3,Digital,High Impedance,n/a,No,No,STRONG
40,PC10,,Available,,,,,,NORMAL
41,PC11,,Available,,,,,,NORMAL
42,PC12,,Available,,,,,,NORMAL
43,PC13,,Available,,,,,,NORMAL
44,PC14,,Available,,,,,,NORMAL
45,PC15,,Available,,,,,,NORMAL
46,PA12,,Available,,,,,,NORMAL
47,PA13,,Available,,,,,,NORMAL
48,PA14,,Available,,,,,,NORMAL
49,PA15,,Available,,,,,,NORMAL
52,PA16,,Available,,,,,,NORMAL
53,PA17,,Available,,,,,,NORMAL
54,PA18,,Available,,,,,,NORMAL
55,PA19,,Available,,,,,,NORMAL
56,PC16,,Available,,,,,,NORMAL
57,PC17,,Available,,,,,,NORMAL
58,PC18,,Available,,,,,,NORMAL
59,PC19,,Available,,,,,,NORMAL
60,PC20,,Available,,,,,,NORMAL
61,PC21,,Available,,,,,,NORMAL
64,PB16,TC6_INT,EIC_EXTINT0,Digital,High Impedance,n/a,No,No,NORMAL
65,PB17,,Available,,,,,,NORMAL
66,PB18,,Available,,,,,,NORMAL
67,PB19,TC6_RESET,GPIO,Digital,Out,Low,,,NORMAL
68,PB20,,SERCOM3_PAD0,Digital,High Impedance,n/a,No,No,NORMAL
69,PB21,,SERCOM3_PAD1,Digital,High Impedance,n/a,No,No,NORMAL
70,PA20,,Available,,,,,,NORMAL
71,PA21,,Available,,,,,,NORMAL
72,PA22,,CAN0_TX,Digital,High Impedance,n/a,No,No,NORMAL
73,PA23,,CAN0_RX,Digital,High Impedance,n/a,No,No,NORMAL
74,PA24,,Available,,,,,,NORMAL
75,PA25,,Available,,,,,,NORMAL
78,PB22,,Available,,,,,,NORMAL
79,PB23,,Available,,,,,,NORMAL
80,PB24,,Available,,,,,,NORMAL
81,PB25,,Available,,,,,,NORMAL
82,PC24,,Available,,,,,,NORMAL
83,PC25,,Available,,,,,,NORMAL
84,PC26,,Available,,,,,,NORMAL
85,PC27,,SERCOM1_PAD0,Digital,High Impedance,n/a,No,No,NORMAL
86,PC28,,SERCOM1_PAD1,Digital,High Impedance,n/a,No,No,NORMAL
87,PA27,,Available,,,,,,NORMAL
93,PA30,,Available,,,,,,NORMAL
94,PA31,,Available,,,,,,NORMAL
95,PB30,,Available,,,,,,NORMAL
96,PB31,,Available,,,,,,NORMAL
97,PB00,,Available,,,,,,NORMAL
98,PB01,,Available,,,,,,NORMAL
99,PB02,,Available,,,,,,NORMAL
100,PB03,,Available,,,,,,NORMAL
